{
  "LatestEditingLevel": "level1",
  "CameraPosition": {
    "X": 11.795074,
    "Y": -118.88013
  },
  "CameraZoom": 0.99999976
}