{
  "LatestEditingLevel": "level1",
  "CameraPosition": {
    "X": -187.99763,
    "Y": -171.81683
  },
  "CameraZoom": 0.95756805
}